Equipment,Description,Location,Cost Center,Planning plant,ManufSerialNo.,Acquistion date,Room,Sort field
220012001,MW120,HSG,22HSG11270,2210,9KX9363530-1(MC8-1135),05/01/2000,,PLANT 1 2017
220012002,MW120,STD,22STD11290,2210,9KX9363530-2(MC8-1136),05/01/2000,,PLANT 1 2017
220012003,Plant 1 2017,HSG,22HSG11203,2210,9KX8335860-1(M80943),06/01/2000,,PLANT 1 2017
220012004,MURATA LATHE RUH LINE 6,HSG,22HSG11205,2210,0KX3360300,01/01/2005,,PLANT 1 2017
220012005,12005,HSG,22HSG11251,2210,9KX8335860-3(M80946),06/01/2000,,PLANT 1 2017
220012006,12006,HSG,22HSG11210,2210,00KX327260002(DT000985),11/01/2000,,PLANT 1 2017
220012007,LBJ HSG 2,HSG,22HSG11211,2210,00KX327260003(DT000986),11/01/2000,,PLANT 1 2017
220012008,12008,HSG,22HSG11251,2210,00KX327260004(DT000987),11/01/2000,,PLANT 1 2017
220012009,12009,HSG,22HSG11295,2210,00KX327260001(DT000984),11/01/2000,,PLANT 1 2017
220012010,MZ60,STD,22STD11230,2210,00KX327210001(DT001001),11/01/2000,,PLANT 1 2017
220012011,PLANT 1 2017,STD,22STD11220,2210,00KX327210003(DT001003),11/01/2000,,PLANT 1 2017
220012012,MZ60,STD,22STD11240,2210,00KX327210002(DT001002),11/01/2000,,PLANT 1 2017
220012013,MW120,CLP,22CLP11316,2210,00KX0355930001(DT001320),05/01/2001,,PLANT 1 2017
220012014,MW120,CLP,22CLP11316,2210,00KX0355930003(DT001322),05/01/2001,,PLANT 1 2017
220012015,MW120,CLP,22CLP11315,2210,00KX0355930002(DT001321),05/01/2001,,PLANT 1 2017
220012016,MW120,CLP,22CLP11315,2210,00KX355630004(DT001323),05/01/2001,,PLANT 1 2017
220012017,MS60,CLP,22CLP11314,2210,00KX0355980001(DT001234),05/01/2001,,WAREHOUSE 2017
220012018,MW120,HSG,22HSG11288,2210,00KX0355980005(DT001349),05/01/2001,,PLANT 1 2017
220012019,MS60,,,2210,00KX0355960002(DT001325),05/01/2001,,WATERLOO 2017
220012020,MW120,HSG,22HSG11272,2210,00KX035598006(DT001350),05/01/2001,,PLANT 1 2017
220012021,MS60,,,2210,00KX0355980003(DT001326),05/01/2001,,WATERLOO 2017
220012022,MW120,HSG,22HSG11287,2210,00KX0355980007(DT001351),05/01/2001,,PLANT 1 2017
220012023,MS60,STD,22STD11244,2210,000KX0355980004(DT1327),05/01/2001,,UNDER REVIEW - TBD
220012024,12024,HSG,22HSG11204,2210,00KX3559800089(DT001327),05/01/2001,,PLANT 1 2017
220012025,MW120,STD,22STD11280,2210,01KX0344150001(DT001996),05/01/2001,,PLANT 1 2017
220012026,LFS10-SSP,CLP,22CLP11317,2210,298,03/01/2002,EL,PLANT 1 2017
220012027,LFS10-SSP,CLP,22CLP11317,2210,299,03/01/2002,EL,PLANT 1 2017
220012028,LFS10-SSP,CLP,22CLP11318,2210,296,03/01/2002,EL,PLANT 1 2017
220012029,LFS10-SSP,CLP,22CLP11318,2210,297,03/01/2002,EL,PLANT 1 2017
220012030,MD120,HSG,22HSG11293,2210,01KX360070001,04/01/2002,,PLANT 1 2017
220012031,MD120,HSG,22HSG11293,2210,01KX360070002,04/01/2002,,PLANT 1 2017
220012033,MW120,CLP,22CLP11321,2210,02KX370170001,07/01/2003,,PLANT 1 2017
220012034,MW120,CLP,22CLP11321,2210,02KX370170002,07/01/2003,,PLANT 1 2017
220012035,MW120,CLP,22CLP11322,2210,02KX37018001,07/01/2003,,WAREHOUSE 2017
220012036,MW120,CLP,22CLP11322,2210,02KX370180002,07/01/2003,,WAREHOUSE 2017
220012038,MZ60,STD,22STD11253,2210,04KX209220001,08/01/2004,,PLANT 1 2017
220012039,MZ60,CRD,22CRD11371,2210,04KX219380001,10/01/2004,,PLANT 1 2017
220012041,ZL-203,STD,22STD11255,2210,ZL200DH0478,11/01/2004,,PLANT 1 2017
220012042,ZL-203 MORI LATHE,GMC,22GMC11415,2220,ZL200DH0479,11/01/2004,EL,WAREHOUSE 2017
220012043,MS60,STD,22STD11248,2210,O4KX238220001,03/01/2005,,PLANT 1 2017
220012044,MS60,STD,22STD11248,2210,04KX238270002,03/01/2005,,PLANT 1 2017
220012045,MS60,STD,22STD11249,2210,04KX238240001,03/01/2005,,PLANT 1 2017
220012046,MS60,STD,22STD11249,2210,04KX238240002,03/01/2005,,PLANT 1 2017
220012047,LU15 OKUMA LATHE,STD,22STD11257,2210,2265(DWG# W6201-100-0444),04/01/2005,,PLANT 1 2017
220012048,LU15 OKUME LATHE,STD,22STD11257,2210,2272(DWG# W6201-100-0444),04/01/2005,,PLANT 1 2017
220012049,LU15 OKUMA LATHE,STD,22STD11259,2210,2275(DWG# W6201-100-0444),04/01/2005,,PLANT 1 2017
220012050,LU15 OKUMA LATHE,STD,22STD11259,2210,2289(DWG# W6201-100-0444),04/01/2005,,PLANT 1 2017
220012052,NZ-S1500/500,HYC,22DCX11404,2220,NZS15G10086,,EL,PLANT 2 2017
220012053,NZ-S1500,HYC,22DCX11404,2220,NZS15G10087,,EL,PLANT 2 2017
220012054,12054,HSG,22HSG11250,2210,,,,PLANT 1 2017
220012056,12056,HSG,22HSG11296,2210,9KX73371303,,,PLANT 1 2017
220012057,MORI SEIKI NZX-S1500/500,FRD,22FRD11429,2220,NZXS1130401,08/01/2013,EL,PLANT 2 2017
220012058,MORI SEIKI NZX-S1500/500,FRD,22FRD11429,2220,NZXS1130402,08/01/2013,EL,PLANT 2 2017
220012059,MORI SEIKI NZX-S1500/500,FRD,22FRD11429,2220,NZXS1130403,08/01/2013,EL,PLANT 2 2017
220012060,MORI SEIKI LATHE OP2 LATHE #1,HON,22HON11416,2220,NZXS1130608,,EL,PLANT 2 2017
220012061,MORI SEIKI LATHE OP2 LATHE #2,HON,22HON11416,2220,NZXS1130609,,EL,PLANT 2 2017
220012062,MORI SEIKI NZX-S1500/500,FRD,22FRD11423,2220,NZXS1130801,,EL,PLANT 2 2017
220012064,MORI SEIKI NZX-S1500/500,FRD,22FRD11423,2220,NZXS1130804,,EL,PLANT 2 2017
220012066,MORI SEIKI NZX-S1500/500,FRD,22FRD11423,2220,NZXS1130803,,EL,PLANT 2 2017
220012067,MORI SEIKI NZX-S1500/500,FRD,22FRD11424,2220,NZXS1130806,,EL,PLANT 2 2017
220012068,MORI SEIKI NZX-S1500/500,FRD,22FRD11424,2220,NZXS1130805,,EL,PLANT 2 2017
220012069,MORI SEIKI NZX-S1500/500,FRD,22FRD11424,2220,NZXS1130802,,EL,PLANT 2 2017
220012070,Murata ML400L Lathe,HON,22HON11437,2220,15KX253030001,,,PLANT 2 2017
220012071,Murata ML400L Lathe,HON,22HON11437,2220,15KX253040001,,,PLANT 2 2017
220012077,MURATA MW120 LATHE,STD,22STD11256,2210,12KX220990001,10/01/2012,,PLANT 1 2017
220012078,MURATA MW120 LATHE,STD,22STD11256,2210,12KX221000001,10/01/2012,,PLANT 1 2017
220012079,MW200,HSG,22HSG11281,2210,2738,,,PLANT 1 2017
220012080,MORI SEIKI NZX-S1500/500,FRD,22FRD11425,2220,NZS15160604,,EL,PLANT 2 2017
220012081,MORI SEIKI NZX-S1500/500,FRD,22FRD11425,2220,NZS15160605,,EL,PLANT 2 2017
220012082,Murata ML400L Lathe,HON,22HON11418,2220,16KX229940001,,,PLANT 2 2017
220012083,Murata ML400L Lathe,HON,22HON11418,2220,16KX229930001,,,PLANT 2 2017
220012220,LJ-3B,STD,22STD11242,2210,321,07/01/2004,,SCRAP BEFORE SAP
220012221,LJ-3B,STD,22STD11242,2210,325,07/01/2004,,SCRAP BEFORE SAP
220012241,Unused -  Rename When Needed,,,2210,,,,N/A
220012270,MW12,HSG,22HSG11205,2210,9KX36398101(M80511),04/01/2001,,PLANT 1 2017
220012271,MW12,STD,22STD11258,2210,9KX63698102(M80511),04/01/2001,,PLANT 1 2017
220012277,MW12,HSG,22HSG11291,2210,9KX7309060(M80568),04/01/2001,,PLANT 1 2017
220012291,MW12,STD,22STD11258,2210,9KX7362000(M80738),04/01/2001,,PLANT 1 2017
220012299,CNC LATHE,STD,22STD11244,2210,FD991-607,09/01/2004,,SCRAP BEFORE SAP
220012300,CNC LATHE,STD,22STD11244,2210,FD991-608,09/01/2004,,SCRAP BEFORE SAP
220012343,MZ60,STD,22STD11241,2210,9KX03002102,03/01/2004,,PLANT 1 2017
220012345,Fabrication,,,2210,,,,N/A
220012365,LU300 OKUMA LATHE,DCX,22DCX11403,2220,118827,02/01/2006,EL,PLANT 2 2017
220012366,LU300 OKUMA LATHE,DCX,22DCX11403,2220,118828,02/01/2006,EL,PLANT 2 2017
220012367,LU300 OKUMA LATHE,HON,22HON11413,2220,123617,09/01/2006,EL,WAREHOUSE 2017
220012368,LU300 OKUMA LATHE,HON,22HON11413,2220,123616,09/01/2006,EL,PLANT 2 2017
220012370,V6 LATHE OKUMA,HON,22HON11411,2220,0903.0851,,EL,PLANT 2 2017
220012371,LU15 OKUMA LATHE,HON,22HON11412,2220,1006.1244,,,SCRAP BEFORE SAP
220012372,LU15 OKUMA LATHE,HON,22HON11411,2220,1006.1245,,,PLANT 2 2017
220012373,LU15 OKUMA LATHE,HON,22HON11411,2220,0903.0850,,,PLANT 2 2017
220012374,LU15 OKUMA LATHE,HON,22HON11411,2220,1009.1344,,EL,PLANT 2 2017
220012375,LU300 OKUMA LATHE,DCX,22DCX11403,2220,105.857,,,WAREHOUSE 2017
220012376,LU300 OKUMA LATHE,DCX,22DCX11403,2220,105.855,,EL,PLANT 2 2017
220012454,MW12,HSG,22HSG11294,2210,04KX246970002,,,PLANT 1 2017
220012455,MW12,HSG,22HSG11294,2210,04KX246970002,,,PLANT 1 2017
220012456,12456,HSG,22HSG11297,2210,04KX246960001,,,PLANT 1 2017
220012457,12457,HSG,22HSG11298,2210,04KX246960002,,,PLANT 1 2017
220012532,TRE 7 Lathe,HSG,22HSG11283,2210,10KX349410001,,,PLANT 1 2017
220012533,TRE 8 Lathe,HSG,22HSG11285,2210,10KX34942001,,,PLANT 1 2017
220012539,FUJI LATHE T2A LBJ,HSG,22HSG11278,2210,SD0071891,,,PLANT 1 2017
220012543,FUJI LATHE SHJ LBJ,HSG,22HSG11277,2210,SD0071895,,,PLANT 1 2017
220013377,MAP-C-109,CRD,22CRD11375,2210,,,,SCRAP BEFORE SAP
220022001,MSI-116,HSG,22HSG11291,2210,0894S1359A,04/01/2001,,SCRAP BEFORE SAP
220022002,MSI-116,HSG,22HSG11292,2210,0895S1356A,04/01/2001,,SCRAP BEFORE SAP
220023001,TC-31A,CLP,22CLP11316,2210,112426 (M2484),05/01/2001,,PLANT 1 2017
220023002,TC-31A,CLP,22CLP11316,2210,112427(M2484),05/01/2001,,PLANT 1 2017
220023003,TC-31A,CLP,22CLP11316,2210,112434 (M2484-1),05/01/2001,,PLANT 1 2017
220023004,TC-31A,CLP,22CLP11315,2210,112416 (M2484),05/01/2001,,PLANT 1 2017
220023005,TC-31A,CLP,22CLP11315,2210,112403 (M2484),05/01/2001,,PLANT 1 2017
220023006,TC-31A LBJ 5 Mill,HSG,22HSG11287,2210,112414 (M2484),05/01/2001,,PLANT 1 2017
220023007,TC-31A,HSG,22HSG11288,2210,112415 (M2484),05/01/2001,,PLANT 1 2017
220023008,TC-31A,HSG,22HSG11272,2210,112402 (M2484),05/01/2001,,PLANT 1 2017
220023009,TC-31A,CLP,22CLP11318,2210,112399 (M2484),05/01/2001,,PLANT 1 2017
220023010,TC-31A,HSG,22HSG11287,2210,112418 (M2484),05/01/2001,,WAREHOUSE 2017
220023011,TC-31A,HSG,22HSG11281,2210,112417 (M2484),05/01/2001,,PLANT 1 2017
220023012,TC-31A   RUH LINE 6,HSG,22HSG11205,2210,112401 (M2484),05/01/2001,,PLANT 1 2017
220023013,TC-31A,HSG,22HSG11291,2210,112400 (M2484),05/01/2001,,PLANT 1 2017
220023014,TC-31A,CLP,22CLP11317,2210,112087,03/01/2002,,PLANT 1 2017
220023015,TC-31A,CLP,22CLP11317,2210,,,,PLANT 1 2017
220023016,TC-31A,CLP,22CLP11317,2210,112085,03/01/2002,,PLANT 1 2017
220023017,TC-31A,HSG,22HSG11283,2210,112086,03/01/2002,,PLANT 1 2017
220023018,TC-31A,CLP,22CLP11318,2210,112083,03/01/2002,,PLANT 1 2017
220023019,TC-31A,CLP,22CLP11318,2210,112088,03/01/2002,,PLANT 1 2017
220023020,TC-31A,CLP,22CLP11315,2210,112775,03/01/2002,,PLANT 1 2017
220023021,TC-31A,CLP,22CLP11321,2210,113159,07/01/2003,,PLANT 1 2017
220023022,TC-31A,CLP,22CLP11321,2210,113160,07/01/2003,,PLANT 1 2017
220023023,TC-31A,CLP,22CLP11321,2210,113161,07/01/2003,,PLANT 1 2017
220023024,TC-31A LBJ 6 Mill,HSG,22HSG11288,2210,113162,07/01/2003,,PLANT 1 2017
220023025,TC-31A,CLP,22CLP11318,2210,113163,07/01/2003,,UNDER REVIEW - ATTN RV
220023026,Tie Rod 8 TC-31A,HSG,22HSG11285,2210,113164,07/01/2003,,PLANT 1 2017
220023027,JE30S ENSHU,GMC,22GMC11415,2220,MM09919(#325),11/01/2004,,SCRAP BEFORE SAP
220023028,JE30S ENSHU,GMC,22GMC11415,2220,MM09920(#326),11/01/2004,,SCRAP BEFORE SAP
220023029,JE30S ENSHU,GMC,22GMC11415,2220,MM09921(#327),11/01/2004,,SCRAP BEFORE SAP
220023030,JE30S,HON,22HON11412,2220,MM09922(#328),11/01/2004,,SCRAP BEFORE SAP
220023031,MA-400HA,ALM,22ALM11672,2210,106697,12/01/2005,,PLANT 1 2017
220023032,MA-400HA,ALM,22ALM11611,2210,117996,05/01/2006,,PLANT 1 2017
220023033,MA-400HA,ALM,22ALM11671,2210,120328,05/01/2006,,PLANT 1 2017
220023034,MA-400HA,ALM,22ALM11612,2210,117997,06/01/2006,,PLANT 1 2017
220023035,NH4000 DCG,ALM,22ALM11652,2210,NH401FB0923,05/01/2006,,PLANT 1 2017
220023036,NH4000 DCG,ALM,22ALM11651,2210,NH401FB0924,05/01/2006,,PLANT 1 2017
220023037,MORI NH4000 DCG,HON,22HON11411,2220,NH401FB0922,,EL,PLANT 2 2017
220023038,NH4000 DCG,ALM,22ALM11651,2210,NH401FB0925,05/01/2006,,UNDER REVIEW - TBD
220023040,NH4000DCG,ALM,22ALM11673,2210,NH401GG1905,,,PLANT 1 2017
220023041,MORI NH4000 DCG,,,2210,NH401GH1931,,,WATERLOO 2017
220023042,MORI NH4000 DCG,HON,22HON11411,2220,NH401GH1954,,,PLANT 2 2017
220023043,JE30S ENSHU,HYC,22DCX11404,2220,07C267(#518),,,PLANT 2 2017
220023044,JE30S ENSHU,HYC,22DCX11404,2220,07C268(#519),,,PLANT 2 2017
220023045,JE30S ENSHU,HYC,22DCX11404,2220,07C269(#520),,,PLANT 2 2017
220023046,JE30S ENSHU,HYC,22DCX11404,2220,07C270(#521),,,PLANT 2 2017
220023047,JE30S ENSHU,HYC,22DCX11404,2220,07C271(#490),,,PLANT 2 2017
220023048,GUNDRILL |A|,HON,22HON11411,2220,M-6290-A,,,PLANT 2 2017
220023049,GUNDRILL |B|,HON,22HON11411,2220,M-6290-B,,,PLANT 2 2017
220023050,23050,HSG,22HSG11250,2210,AE1499,,,PLANT 1 2017
220023051,23051,HSG,22HSG11204,2210,AE1206,,,PLANT 1 2017
220023052,GUNDRILL |A|,HON,22HON11437,2220,M-6368-A,,,PLANT 2 2017
220023053,GUNDRILL |B|,HON,22HON11437,2220,M-6368-B,,,PLANT 2 2017
220023054,ENSHU MILLING JE50S,FRD,22FRD11429,2220,12C203,08/01/2013,,PLANT 2 2017
220023055,ENSHU MILLING JE50S,FRD,22FRD11429,2220,12C204,08/01/2013,EL,PLANT 2 2017
220023056,ENSHU MILLING JE50S,FRD,22FRD11429,2220,12C205,08/01/2013,,PLANT 2 2017
220023057,BROTHER MILL TC-52DN DE-BURRING,FRD,22FRD11429,2220,219035,08/01/2013,,PLANT 2 2017
220023058,ENSHU JE505 MILL #1 AP4,HON,22HON11416,2220,13C001,,,PLANT 2 2017
220023059,ENSHU JE505 MILL #2 AP4,HON,22HON11416,2220,13C002,,,PLANT 2 2017
220023060,MIROKU GUN DRILL,HON,22HON11416,2220,M-6571,09/01/2013,,PLANT 2 2017
220023061,ENSHU JE30SH MILL,HON,22HON11416,2220,13C003,09/01/2013,,PLANT 2 2017
220023062,ENSHU JE30SH MILL,HON,22HON11416,2220,13C004,09/01/2013,,PLANT 2 2017
220023063,ENSHU JE30SH MILL,HON,22HON11416,2220,13C005,09/01/2013,,PLANT 2 2017
220023064,ENSHU JE30SH MILL,HON,22HON11416,2220,13C006,09/01/2013,,PLANT 2 2017
220023065,ENSHU MILLING JE50S,FRD,22FRD11423,2220,12C283 #1938,,,PLANT 2 2017
220023066,ENSHU MILLING JE50S,FRD,22FRD11423,2220,12C283 #1943,,,PLANT 2 2017
220023067,ENSHU MILLING JE50S,FRD,22FRD11423,2220,12C283 #1939,,,PLANT 2 2017
220023068,ENSHU MILLING JE50S,FRD,22FRD11424,2220,12C286 #1941,,,PLANT 2 2017
220023069,ENSHU MILLING JE50S,FRD,22FRD11424,2220,12C286 #1942,,,PLANT 2 2017
220023070,ENSHU MILLING JE50S,FRD,22FRD11424,2220,12C286 #1940,,,PLANT 2 2017
220023071,BROTHER MILL DEBURRING,FRD,22FRD11423,2220,220818,,,PLANT 2 2017
220023072,BROTHER MILL DEBURRING,FRD,22FRD11424,2220,220817,,,PLANT 2 2017
220023073,Mori NH4000 DCG,,,,NH401170305,04/12/2017,,WATERLOO 2017
220023074,Mori NH4000 DCG,,,,NH401170306,04/12/2017,,WATERLOO 2017
220023075,Mori NH4000 DCG,,,,NH401170307,04/12/2017,,WATERLOO 2017
220023076,Mori NH4000 DCG,ALM,22ALM11674,2210,NH401170308,04/12/2017,,PLANT 1 2017
220023095,MIROKU GUN DRILL,HON,22HON11437,2220,M-6542-A,,,PLANT 2 2017
220023096,MIROKU GUN DRILL,HON,22HON11437,2220,M-6542-B,,,PLANT 2 2017
220023097,Enshu JE50S Mill,HON,22HON11437,2220,12C083#2025,,,PLANT 2 2017
220023098,Enshu JE50S Mill,HON,22HON11437,2220,15C084#2026,,,PLANT 2 2017
220023099,Enshu JE30sH Mill,HON,22HON11437,2220,15C085#199,,,PLANT 2 2017
220023100,Enshu JE30sH Mill,HON,22HON11437,2220,15C086#200,,,PLANT 2 2017
220023101,Enshu JE30sH Mill,HON,22HON11437,2220,15C087#201,,,PLANT 2 2017
220023102,Enshu JE30sH Mill,HON,22HON11437,2220,15C088#202,,,PLANT 2 2017
220023103,Enshu JE30sH Mill,HON,22HON11437,2220,15C089#203,,,PLANT 2 2017
220023104,NH4000,,,2210,NH401HI2548,,,WATERLOO 2017
220023105,NH4000DCG,,22ALM00000,2210,NH401GD1748,,,WATERLOO 2017
220023106,NH5000/40DCG,,,2210,NH502GC0335,,,WATERLOO 2017
220023107,Enshu JE50S Mill,FRD,22FRD11425,2220,15C380#2056,,,PLANT 2 2017
220023108,Enshu JE50S Mill,FRD,22FRD11425,2220,15C381#2057,,,PLANT 2 2017
220023109,Enshu JE30sH Mill,FRD,22FRD11425,2220,15C382#235,,,PLANT 2 2017
220023110,Enshu JE50S Mill,HON,22HON11418,2220,16C081 #2063,,,PLANT 2 2017
220023111,Enshu JE50S Mill,HON,22HON11418,2220,16C082 #2064,,,PLANT 2 2017
220023112,Miroku Gundrill,HON,22HON11418,2220,M-6693,,,PLANT 2 2017
220023113,Unused -  Rename When Needed,,,2220,,,,N/A
220023114,Enshu JE30sH Mill,HON,22HON11418,2220,16C083 #239,,,PLANT 2 2017
220023115,Enshu JE30sH Mill,HON,22HON11418,2220,16C084 #240,,,PLANT 2 2017
220023116,Enshu JE30sH Mill,HON,22HON11418,2220,16C085 #241,,,PLANT 2 2017
220023117,Enshu JE30sH Mill,HON,22HON11418,2220,16C086 #242,,,PLANT 2 2017
220023118,Deawoo CNC DMV-3016D,,,2210,AV4E 203,,,
220029001,GRIND MACH,CLP,22CLP00000,2210,OSA-0202-P39,,,SCRAP BEFORE SAP
220029002,GRIND MACH,CLP,22CLP00000,2210,OSA-0202-P40,,,SCRAP BEFORE SAP
220036002,TAPE DRILL,CRD,22CRD11374,2210,F-420419 (A04B-0021-A001),03/01/2004,EL,PLANT 1 2017
220036005,TAPE DRILL,CRD,22CRD11376,2210,,09/01/2004,,PLANT 1 2017
220036008,TAPE DRILL,CRD,22CRD11372,2210,F-5205(A04B-0021-A001),06/01/2001,,PLANT 1 2017
220036009,TAPE DRILL,CRD,22CRD11373,2210,F-520529(A04B-0021-A001),06/01/2001,,PLANT 1 2017
220036010,TAPE DRILL,CRD,22CRD11375,2210,F-520530(A04B 0021 A001),08/01/2004,,PLANT 1 2017
220036023,TAPE DRILL,CRD,22CRD11371,2210,F-620904(A04B-0023-A001),06/01/2001,,PLANT 1 2017
220038002,TRANSFER MACHINE,DCX,22DCX11403,2220,DM-178,02/01/2006,,PLANT 2 2017
220038003,TRANSFER MACHINE,DCX,22DCX11403,2220,DM-177,02/01/2006,,PLANT 2 2017
220038004,TRANSFER MACHINE,DCX,22DCX11403,2220,DM-180,09/01/2006,,WAREHOUSE 2017
220038005,TRANSFER MACHINE,DCX,22DCX11403,2220,DM-181,09/01/2006,,WAREHOUSE 2017
220038009,DTM,HON,22HON11411,2220,101551550A,,,SCRAP BEFORE SAP
220040000,2012-59 PROJECT,HSG,22HSG11277,2210,,,,SCRAP BEFORE SAP
220052001,GL5P-63H JOURNAL GRINDER,HON,22HON11437,2220,RF0210TG3434-1,11/01/2004,,PLANT 2 2017
220052002,GL5P-63H JOURNAL GRINDER,HON,22HON11416,2220,RF0211 TG3434-2,09/01/2013,,PLANT 2 2017
220052003,GL5P-63H JOURNAL GRINDER,GMC,22GMC11415,2220,RF0212TG2323-3,11/01/2004,,WAREHOUSE 2017
220052004,GL5P-63H JOURNAL GRINDER,GMC,22GMC11415,2220,RF0213TG3434-4,11/01/2004,,WAREHOUSE 2017
220052005,GC32M-63 CAM GRINDER,HON,22HON11437,2220,RF0214 TC3410-4,11/01/2004,,PLANT 2 2017
220052006,GC32M-63 CAM GRINDER,HON,22HON11437,2220,RF0215TG3119-1,11/01/2004,,PLANT 2 2017
220052007,GC32M-63 CAM GRINDER,HON,22HON11437,2220,RF0216TG3419-2,11/01/2004,,PLANT 2 2017
220052008,GC32M-63 CAM GRINDER - REBUILT,HON,22HON11411,2220,RF0217TG2419-3,,,PLANT 2 2017
220052009,120M GL5P-63II JOURNAL GRINDER,HON,22HON11413,2220,RC9056,04/01/2005,,WAREHOUSE 2017
220052010,120M GL5P-63II JOURNAL GRINDER,HON,22HON11413,2220,RC9057,04/01/2005,,WAREHOUSE 2017
220052011,TOYODA JOURNAL GRINDER GL5P-63II,FRD,22FRD11424,2220,RC9058,,,PLANT 2 2017
220052015,TOYODA JOURNAL GRINDER GL5P-63II 120M,FRD,22FRD11424,2220,RC9062,,,PLANT 2 2017
220052017,GC32M-63 CAM GRINDER,HON,22HON11411,2220,RCC9674,04/01/2005,,PLANT 2 2017
220052018,GC32M-63 CAM GRINDER,HYC,22DCX11404,2220,RC9026,04/01/2005,,PLANT 2 2017
220052019,TOYODA CAM GRINDER GC32M-63,FRD,22FRD11429,2220,RC9027,08/01/2013,,PLANT 2 2017
220052020,TOYODA CAM GRINDER GC32M-63,FRD,22FRD11429,2220,RC9675,08/01/2013,,PLANT 2 2017
220052021,GL5P-63H JOURNAL GRINDER,DCX,22DCX11403,2220,RF-1157,02/01/2006,,PLANT 2 2017
220052022,GL5P-63H JOURNAL GRINDER,DCX,22DCX11403,2220,RF-1158,02/01/2006,,PLANT 2 2017
220052023,GL5P-63H JOURNAL GRINDER,DCX,22DCX11403,2220,RF-1159,02/01/2006,,PLANT 2 2017
220052024,CAM GRINDER,DCX,22DCX11403,2220,RF-1160,02/01/2006,,PLANT 2 2017
220052025,CAM GRINDER,DCX,22DCX11403,2220,RF-1161,02/01/2006,,PLANT 2 2017
220052026,GL5P-63H JOURNAL GRINDER,HON,22HON11416,2220,RF1633,09/01/2013,,PLANT 2 2017
220052027,CL32M-63 JOURNAL GRINDER,HYC,22DCX11404,2220,RF-2801,,,PLANT 2 2017
220052028,CL32M-63 JOURNAL GRINDER,HYC,22DCX11404,2220,RF-2802,,,PLANT 2 2017
220052029,CL32M-63 JOURNAL GRINDER,HYC,22DCX11404,2220,RF-2803,,,PLANT 2 2017
220052030,CL32M-63 JOURNAL GRINDER,HYC,22DCX11404,2220,RF-2804,,,PLANT 2 2017
220052031,GC32M-63 CAM GRINDER,HON,22HON11437,2220,RF-2805,,,PLANT 2 2017
220052032,GC32M-63 CAM GRINDER,FRD,22FRD11425,2220,RF2806,,,PLANT 2 2017
220052033,JOURNAL GRINDER,HON,22HON11411,2220,RF-2723,,,PLANT 2 2017
220052034,JOURNAL GRINDER,HON,22HON11411,2220,RF-2724,,,PLANT 2 2017
220052035,CAM GRINDER,HON,22HON11411,2220,RF-1667,,,PLANT 2 2017
220052036,CAM GRINDER,HON,22HON11411,2220,RF-1666,,,PLANT 2 2017
220052037,JOURNAL GRINDER,HON,22HON11437,2220,RF-2722,,,PLANT 2 2017
220052038,JOURNAL GRINDER,HON,22HON11437,2220,RF-2721,,,PLANT 2 2017
220052039,GL4P-50SII,DCX,22DCX11403,2220,RC9506,,,SCRAP 2015
220052040,GL4P-50SII,DCX,22DCX11403,2220,RC9505,,,SCRAP 2015
220052041,GL4P-50SII,DCX,22DCX11403,2220,RC9240,,,SCRAP 2015
220052042,GC20M-63MS,HYC,22DCX11404,2220,RF2332,,,PLANT 2 2017
220052043,SCHAUDT GRINDER,DCX,22DCX11403,2220,120.660,07/30/2012,,SOLD 2017
220052044,TOYODA JOURNAL GRINDER,FRD,22FRD11429,2220,RF-5643,08/01/2013,,PLANT 2 2017
220052045,TOYODA JOURNAL GRINDER,FRD,22FRD11429,2220,RF-5644,08/01/2013,,PLANT 2 2017
220052046,TOYODA CAM GRINDER,FRD,22FRD11429,2220,RF-5645,08/01/2013,,PLANT 2 2017
220052047,GL5P-63H TOYODA CAM GRINDER,HON,22HON11416,2220,RF5639,09/01/2013,,PLANT 2 2017
220052048,GL5P-63H TOYODA CAM GRINDER,HON,22HON11416,2220,RF5640,09/01/2013,,PLANT 2 2017
220052049,GL5P-63H TOYODA CAM GRINDER,HON,22HON11416,2220,RF5641,09/01/2013,,PLANT 2 2017
220052050,GL5P-63H TOYODA CAM GRINDER,HON,22HON11416,2220,RF5638,09/01/2013,,PLANT 2 2017
220052051,TOYODA JOURNAL GRINDER GL5P-63III,FRD,22FRD11423,2220,RF-5831,,,PLANT 2 2017
220052052,TOYODA JOURNAL GRINDER GL5P-63III,FRD,22FRD11423,2220,RF-5332,,,PLANT 2 2017
220052053,TOYODA CAM GRINDER GC32M-63,FRD,22FRD11424,2220,RF5742,,,PLANT 2 2017
220052054,TOYODA CAM GRINDER GC32M-63,FRD,22FRD11424,2220,RF5741,,,PLANT 2 2017
220052055,GL5P-63III Journal grinder,FRD,22FRD11425,2220,RF7269,,,PLANT 2 2017
220052056,GL5P-63III Journal grinder,FRD,22FRD11425,2220,RF7270,,,PLANT 2 2017
220052059,GL32Mi-63 Journal Grinder,HON,22HON11418,2220,RF-7427,,,PLANT 2 2017
220052060,GL32Mi-63 Journal Grinder,HON,22HON11418,2220,RF-7428,,,PLANT 2 2017
220052061,GC20Mi-63 Cam Grinder,HON,22HON11418,2220,RF-7429,,,PLANT 2 2017
220052062,GC20Mi-63 Cam Grinder,HON,22HON11418,2220,RF-7430,,,PLANT 2 2017
220052063,GC20Mi-63 Cam Grinder,HON,22HON11418,2220,RF-7431,,,PLANT 2 2017
220052064,GC20Mi-63 Cam Grinder,HON,22HON11418,2220,RF-7432,,,PLANT 2 2017
220054005,Okamoto ACC6-18DX2 Surface Grinder,,,,43166,,,
220056001,CENTERLESS GRINDER,GMC,22GMC11415,2220,9166A0196-0021,07/30/2012,,WAREHOUSE 2017
220056009,Unused -  Rename When Needed,HON,22HON11416,2220,UA4930,,,N/A
220059004,LAPPING MACHINE,DCX,22DCX11403,2220,02246,02/01/2006,,PLANT 2 2017
220059005,GBQ-740 MICRO FINISHER,HYC,22DCX11404,2220,F8131,,,PLANT 2 2017
220059006,LAPPER,HON,22HON11413,2220,1704S2394A,,,WAREHOUSE 2017
220059007,LAPPER,FRD,22FRD11425,2220,F6148,,,PLANT 2 2017
220059008,NACHI LAPPING MACHINE,FRD,22FRD11429,2220,F620970,08/01/2013,,PLANT 2 2017
220059009,UNI JOURNAL LAPPING,HON,22HON11416,2220,UA4930,,,PLANT 2 2017
220059010,NACHI LAPPING MACHINE,FRD,22FRD11424,2220,F6221,,,PLANT 2 2017
220059011,Sanshin Lapper M/C,HON,22HON11437,2220,1532,,,PLANT 2 2017
220059012,Sanshin Lapper M/C,HON,22HON11418,2220,1566,,,PLANT 2 2017
220061001,MASSE PRES (1500T),FOR,22FOR11300,2210,MHFP1500-LW,05/01/2001,,PLANT 1 2017
220061002,SHEARING,FOR,22FOR11300,2210,DLB300-MN-114-E0,06/01/2001,,PLANT 1 2017
220061003,BPF-560SSL,HDR,22HDR11305,2210,10000646 (HEADER PRESS),05/01/2004,,PLANT 1 2017
220061004,Plug Press,HDR,22HDR11600,2210,,,,PLANT 1 2017
220061005,400T PRESS,F12,22F1211304,2210,,,,PLANT 1 2017
220061006,200T PRESS,F24,22F2411308,2210,,,,PLANT 1 2017
220061007,400T PRESS,F24,22F2411309,2210,,,,PLANT 1 2017
220061008,110T PRESS ZF,F12,22F1211304,2210,,,,PLANT 1 2017
220061009,1200T PRESS ZF,F12,22F1211304,2210,,,,PLANT 1 2017
220061046,MSI-109,HSG,22HSG11291,2210,0714S1360A(AK-9595),04/01/2001,,SCRAP BEFORE SAP
220062001,BUSH PRESS,ASY,22ASY11150,2210,0572S0998A,05/01/1998,,PLANT 1 2017
220062002,BUSH PRESS,ASY,22ASY11150,2210,0573S0999A,05/01/1998,,PLANT 1 2017
220062003,BUSH PRESS,ASY,22ASY11150,2210,0571S0997A,05/01/1998,,PLANT 1 2017
220062005,MSI-122,ASY,22ASY11170,2210,0154S0491-E-1,07/01/1998,,PLANT 1 2017
220062006,BUSH PRESS,ASY,22ASY11120,2210,PB1,05/01/1998,,PLANT 1 2017
220062007,BUSH PRESS,ASY,22ASY11141,2210,PB2,05/01/1998,,SCRAP BEFORE SAP
220062008,MSI-119,ASY,22ASY11150,2210,0451S0844-E001,08/01/2000,,PLANT 1 2017
220062009,MSI-119,ASY,22ASY11110,2210,0451S0844-E001,08/01/2000,,PLANT 1 2017
220062010,MSI-109,HSG,22HSG11292,2210,0878S1357A,04/01/2001,,SCRAP BEFORE SAP
220062011,Bushing Press,ASY,22ASY11150,2210,,,,PLANT 1 2017
220062012,MSI-119,ASY,22ASY11380,2210,0571S1560A,03/01/2002,,PLANT 1 2017
220062013,CA BOLT,ASY,22ASY11380,2210,55001-BP-CP,06/01/2006,,PLANT 1 2017
220062014,STOPPER PRESS-S LINE,ASY,22ASY11380,2210,,01/01/2006,,WAREHOUSE 2017
220062015,BUSHING PRESS S LINE,ASY,22ASY11380,2210,,01/01/2006,,PLANT 1 2017
220062016,COMPLIANCE BUSHING PRESS - S LINE,ASY,22ASY11380,2210,,01/01/2006,,PLANT 1 2017
220062017,NSX MANUAL LINE,ASY,22ASY11180,2210,,,,PLANT 1 2017
220062018,NSX FORMING PRESS STATION,ASY,22ASY11180,2210,,,,PLANT 1 2017
220062019,Bushing Press - NSX,ASY,22ASY11180,2210,,,,PLANT 1 2017
220062020,Boot Assembly - NSX,ASY,22ASY11180,2210,,,,PLANT 1 2017
220062021,CATS PAW PIN PRESS-MAPC,ASY,22ASY11141,2210,,,,PLANT 1 2017
220062022,Housing Press - F Line,ASY,22ASY11120,2210,,,,PLANT 1 2017
220062023,Seat & Stud,ASY,22ASY11120,2210,,,,PLANT 1 2017
220062024,Plug Stamp - F Line,ASY,22ASY11120,2210,,,,PLANT 1 2017
220062025,F LINE CAULKING STATION,ASY,22ASY11120,2210,,,,PLANT 1 2017
220062026,Circlip Station - F line,ASY,22ASY11120,2210,,,,PLANT 1 2017
220062027,Date Stamp - Manual Service Line,ASY,22ASY11150,2210,,,,
220062132,Caulking Station,ASY,22ASY11150,2210,,,,PLANT 1 2017
220065002,KINEFAC DUAL THREAD ROLLER/BURNISHER,STD,22STD11256,2210,1529,09/01/2012,,PLANT 1 2017
220065003,THREADROLLER,STD,22STD11257,2210,,,,PLANT 1 2017
220065005,BURNISHER,STD,22STD11240,2210,T-ROL 15(4726),11/01/2000,,PLANT 1 2017
220065006,THREAD ROLLER,STD,22STD11240,2210,T-ROL 15(4855),11/01/2000,,PLANT 1 2017
220065012,THREAD ROLLER,STD,22STD11220,2210,R15A(9018),12/01/1999,,PLANT 1 2017
220065019,BURNISHER,STD,22STD11230,2210,R15A(8441),12/01/1999,,PLANT 1 2017
220065020,BURNISHER,STD,22STD11220,2210,R15A(8442),12/01/1999,,PLANT 1 2017
220065024,THREAD ROLLER,STD,22STD11244,2210,R15A8440 BH0065,09/01/2004,,WAREHOUSE 2017
220065027,THREAD ROLLER,STD,22STD11230,2210,R15A(8514),12/01/1999,,PLANT 1 2017
220065040,THREAD ROLLER,STD,22STD11280,2210,T-ROL15D(576),03/01/2004,,PLANT 1 2017
220065041,BURNISHER,STD,22STD11241,2210,8823(1258S1870A),03/01/2004,,PLANT 1 2017
220065042,THREAD ROLLER,STD,22STD11241,2210,8555(1259S1871A-1),03/01/2004,,PLANT 1 2017
220065043,BURNISHER,STD,22STD11253,2210,T-ROLL(4845),07/01/2004,,PLANT 1 2017
220065044,THREAD ROLLER,STD,22STD11242,2210,T-ROLL,07/01/2004,,SCRAP BEFORE SAP
220065045,THREAD ROLLER & OUT CONVEYOR,STD,22STD11248,2210,1364S1969A T-ROL154186,03/01/2005,,PLANT 1 2017
220065046,BURNISHER & INSPECTION & OUT CONVEYOR,STD,22STD11249,2210,1367S1972A R15A8538,03/01/2005,,PLANT 1 2017
220065047,BURNISHER,STD,22STD11280,2210,T-ROLL(4332),12/01/2005,,PLANT 1 2017
220065048,BURNISHER,STD,22STD11290,2210,R15A(9080),03/01/2006,,WAREHOUSE 2017
220065049,ROLLING MACHINE,STD,22STD11255,2210,R16A-2,,,PLANT 1 2017
220065050,Thread Roller / Burnisher,STD,22STD11259,2210,,,,PLANT 1 2017
220067017,MSI-107,ASY,22ASY11170,2210,,07/01/1998,,SCRAP BEFORE SAP
220067018,MSI-107,ASY,22ASY11170,2210,1027S1572A,07/01/2002,,SCRAP BEFORE SAP
220069001,SEAT MACHINE,INJ,22INJ11500,2210,166837,,,PLANT 1 2017
220071049,Billet Heater Hopper,F12,22F1211304,2210,,,,PLANT 1 2017
220072001,GKV-750NC2 CENTERING,HON,22HON11413,2220,0220698,11/01/2004,,WAREHOUSE 2017
220072002,GKV-750NC4 CENTERING,GMC,22GMC11415,2220,0220699,11/01/2004,,WAREHOUSE 2017
220072005,MSI-104 CENTERING MACHINE,DCX,22DCX11403,2220,0220900,02/01/2006,,PLANT 2 2017
220072006,CENTERING MACHINE,DCX,22DCX11403,2220,0220901,09/01/2006,,WAREHOUSE 2017
220072007,CENTERING MACHINE,HYC,22DCX11404,2220,0221511,,,PLANT 2 2017
220072008,GKV-750NC4 CENTERING,HON,22HON11411,2220,0220588,,,PLANT 2 2017
220073002,MAP-C-103,HSG,22HSG11250,2210,0871S1345A,06/01/2000,,PLANT 1 2017
220073004,MSI-118,HSG,22HSG11210,2210,0887S1355A,11/01/2000,,SCRAP BEFORE SAP
220073005,MSI-118,HSG,22HSG11250,2210,0887S1355E,11/01/2000,,SCRAP BEFORE SAP
220073006,MSI-111,HSG,22HSG11250,2210,0887S1355B,11/01/2000,,SCRAP BEFORE SAP
220073007,MSI-111,HSG,22HSG11250,2210,0887S1355F,11/01/2000,,SCRAP BEFORE SAP
220073008,MSI-100,STD,22STD11230,2210,,11/01/2000,,SCRAP BEFORE SAP
220073009,MSI-100,STD,22STD11220,2210,,11/01/2000,,SCRAP BEFORE SAP
220073010,MSI-100,STD,22STD11240,2210,S0736,11/01/2000,,SCRAP BEFORE SAP
220073011,MAP-C-104,CLP,22CLP11316,2210,0910S1399A,05/01/2001,,PLANT 1 2017
220073012,MAP-C-104,CLP,22CLP11315,2210,0910S1399B,05/01/2001,,PLANT 1 2017
220073013,MAP-C-104,CLP,22CLP11314,2210,0910S1399C,05/01/2001,,SCRAP BEFORE SAP
220073014,MAP-C-104,,2200000000,2210,0910S1399D,05/01/2001,,SCRAP BEFORE SAP
220073015,MAP-C-104,,2200000000,2210,0910S1399F,05/01/2001,,SCRAP BEFORE SAP
220073016,MAP-C-104,,2200000000,2210,0910S1399E,05/01/2001,,SCRAP BEFORE SAP
220073017,HOPPER,FOR,22FOR11300,2210,TKA012001,05/01/2001,,PLANT 1 2017
220073018,TRANSFER,FOR,22FOR11300,2210,MST-50,05/01/2001,,PLANT 1 2017
220073020,MAP-C-104,CLP,22CLP11317,2210,1014S1554B,03/01/2002,,PLANT 1 2017
220073021,MAP-C-104,CLP,22CLP11318,2210,1014S1554A,03/01/2002,,PLANT 1 2017
220073022,MAP-C-104,HSG,22HSG11293,2210,M380A,04/01/2002,,PLANT 1 2017
220073023,MAP-C-104,CLP,22CLP11321,2210,1195S179A,07/01/2003,,PLANT 1 2017
220073024,MAP-C-104,CLP,22CLP11322,2210,1195S1789B,07/01/2003,,SCRAP BEFORE SAP
220073025,MSI-100,STD,22STD11241,2210,M671A,03/01/2004,,PLANT 1 2017
220073026,MAP-C-104,HSG,22HSG11296,2210,1297S1898A,05/01/2004,,WAREHOUSE 2017
220073027,MAP-C-104,HSG,22HSG11291,2210,1298S1899A,05/01/2004,,PLANT 1 2017
220073028,MAP-C-104,HSG,22HSG11292,2210,1298S1899B,05/01/2004,,PLANT 1 2017
220073029,MAP-C-104,HSG,22HSG11295,2210,1299S1900A,05/01/2004,,PLANT 1 2017
220073030,MAP-C-104,ASY,22ASY11140,2210,,06/01/2004,,PLANT 1 2017
220073031,MAP-C-104,STD,22STD11242,2210,M712A,07/01/2004,,SCRAP BEFORE SAP
220073032,MAP-C-104,STD,22STD11242,2210,M712,06/01/2004,,SCRAP BEFORE SAP
220073033,HDR OUTSTOC,HDR,22HDR11305,2210,Y06-13A(10050),05/01/2004,,PLANT 1 2017
220073034,MAP-C-104,STD,22STD11253,2210,M712B,08/01/2004,,PLANT 1 2017
220073035,MAP-C-104,,2200000000,2210,M7540-300,10/01/2004,,UNDER REVIEW - TBD
220073037,Instocker Stud 13,STD,22STD11255,2210,M731A,11/01/2004,,PLANT 1 2017
220073038,MSI-111 MILLING BUFFER,HON,22HON11413,2220,M731B,11/01/2004,,SCRAP BEFORE SAP
220073039,BUFFER CONVEYOR,FRD,22FRD11429,2220,M731C,08/01/2013,,PLANT 2 2017
220073040,BUFFER CONVEYOR,FRD,22FRD11423,2220,M731D,,,PLANT 2 2017
220073041,BUFFER CONVEYOR,FRD,22FRD11425,2220,M731E,,,SCRAP BEFORE SAP
220073042,BUFFER CONVEYOR,FRD,22FRD11424,2220,M731G,,,PLANT 2 2017
220073043,BUFFCONVEY,HON,22HON11411,2220,M732A,11/01/2004,,SCRAP BEFORE SAP
220073044,J.G. OUTSTOCKER,FRD,22FRD11425,2220,M732B,11/01/2004,,PLANT 2 2017
220073045,OUTCONVEY,HSG,22HSG11203,2210,M732C,11/01/2004,,SCRAP BEFORE SAP
220073046,OUT CONVEYOR,HON,22HON11413,2220,M732D,11/01/2004,,SCRAP BEFORE SAP
220073047,FINISH IN CONVEYOR,HON,22HON11413,2220,UA1990-100,11/01/2004,,SCRAP BEFORE SAP
220073048,FINISH OUT CONVEYOR,HON,22HON11413,2220,M733D,11/01/2004,,SCRAP BEFORE SAP
220073049,MAP-C-104,STD,22STD11248,2210,1363S1968A,03/01/2005,,PLANT 1 2017
220073050,MAP-C-104,STD,22STD11249,2210,1365S1970A,03/01/2005,,PLANT 1 2017
220073052,MAP-C-104 INSTOCKER,STD,22STD11259,2210,1085S1649B,04/01/2005,,UNDER REVIEW - TBD
220073053,MSI-117 JKS OUTSTOCKER,STD,22STD11257,2210,2651,04/01/2005,,PLANT 1 2017
220073055,MAP-C-104,,2200000000,2210,2653,04/01/2005,,SCRAP BEFORE SAP
220073056,Stud line 17 Instocker,STD,22STD11259,2210,,,,PLANT 1 2017
220073057,MSI-117 JKS OUTSTOCKER,,2200000000,2210,2655,04/01/2005,,SCRAP BEFORE SAP
220073059,MAP-C-104 JKS INSTOCKER,HON,22HON11411,2220,2746,04/01/2005,,PLANT 2 2017
220073060,MAP-C-104,GMC,22GMC11415,2220,2657,04/01/2005,,SCRAP BEFORE SAP
220073067,MAP-C-104,STD,22STD11244,2210,,12/01/2005,,WAREHOUSE 2017
220073068,INSTOCKER,DCX,22DCX11403,2220,BF0656,02/01/2006,,PLANT 2 2017
220073069,BUFFER CONVEYOR,DCX,22DCX11403,2220,M900A,02/01/2006,,PLANT 2 2017
220073070,INSTOCKER,DCX,22DCX11403,2220,BF0658,02/01/2006,,PLANT 2 2017
220073071,MSI-117 OUTSTOCKER,DCX,22DCX11403,2220,M900C,02/01/2006,,PLANT 2 2017
220073072,MSI-117 OUTSTOCKER,DCX,22DCX11403,2220,M900F,02/01/2006,,PLANT 2 2017
220073073,MSI-128,STD,22STD11290,2210,0816S1266A,04/01/2006,,WAREHOUSE 2017
220073074,AACONVEYOR,ALM,,2210,,06/01/2006,,SCRAP BEFORE SAP
220073075,MAP-C-104,DCX,22DCX11403,2220,BF0696,09/01/2006,,SCRAP BEFORE SAP
220073077,BUFFCONVEY,DCX,22DCX11403,2220,M900G,09/01/2006,,SCRAP BEFORE SAP
220073078,MSI-117,DCX,22DCX11403,2220,M900I,09/01/2006,,SCRAP BEFORE SAP
220073080,MSI-117 WASHER OUTSTOCKER IN,DCX,22DCX11403,2220,M9800IN,11/01/2006,,PLANT 2 2017
220073082,MAP-C-107,STD,22STD11244,2210,,,,WAREHOUSE 2017
220073083,MID BUFFER AND CONVEYOR,HYC,22DCX11404,2220,UA1130,,,PLANT 2 2017
220073084,MSI-117 OUTSTOCKER,HYC,22DCX11404,2220,1619S2282,,,PLANT 2 2017
220073085,IN/OUTSTOCKER,HYC,22DCX11404,2220,UA1150A,,,PLANT 2 2017
220073086,IN/OUTSTOCKER,HYC,22DCX11404,2220,UA1150B,,,PLANT 2 2017
220073087,INSTOCKER,HYC,22DCX11404,2220,UA1160,,,PLANT 2 2017
220073088,OUTSTOCKER,HYC,22DCX11404,2220,1620S2283,,,PLANT 2 2017
220073089,OUTSTOCKER,DCX,22DCX11403,2220,UA2600,,,WAREHOUSE 2017
220073090,SHEETFEED,HDR,22HDR11600,2210,,,,PLANT 1 2017
220073091,MAP-C-104,STD,22STD11280,2210,,,,PLANT 1 2017
220073093,L/UNLOAD,ASY,22ASY11130,2210,,,,SCRAP BEFORE SAP
220073094,PARTS LOADING AND UNLOADING MACHINE,ASY,22ASY11110,2210,,,,PLANT 1 2017
220073095,PARTS LOADING AND UNLOADING MACHINE,ASY,22ASY11260,2210,,,,SCRAP BEFORE SAP
220073096,INSTOCKER,DCX,22DCX11403,2220,UA2610,,,PLANT 2 2017
220073099,Instocker - Rack End 2,HSG,22HSG11254,2210,,,,PLANT 1 2017
220073100,MAP-C TECHNICAL,STD,22STD11256,2210,,10/01/2012,,PLANT 1 2017
220073101,MAP-C TECHNICAL INSTOCKER,STD,22STD11256,2210,,10/01/2012,,PLANT 1 2017
220073102,MAP-C TECHNICAL INSTOCKER,STD,22STD11256,2210,,10/01/2012,,PLANT 1 2017
220073103,MAP-C TECHNICAL INSTOCKER,STD,22STD11256,2210,,10/01/2012,,PLANT 1 2017
220073104,73104,STD,22STD11256,2210,,,,PLANT 1 2017
220073105,73105,HSG,22HSG11210,2210,,,,PLANT 1 2017
220073106,73106,HSG,22HSG11211,2210,0910S1399E,,,SCRAP BEFORE SAP
220073107,Instocker,HSG,,2210,,,,PLANT 1 2017
220073109,Instocker - Tie Rod Housing 4,HSG,22HSG11276,2210,,,,PLANT 1 2017
220073110,STEP FEED - VIBRATORY,HSG,22HSG11277,2210,12-121C,,,PLANT 1 2017
220073111,STEP FEED - VIBRATORY,HSG,22HSG11278,2210,12-121D,,,PLANT 1 2017
220073112,Instocker -LBJ HSG 2,HSG,22HSG11211,2210,,,,PLANT 1 2017
220073113,Instocker 1 - RUA HSG 6,HSG,22HSG11205,2210,,,,PLANT 1 2017
220073114,Instocker 2 - RUA HSG 6,HSG,22HSG11205,2210,,,,PLANT 1 2017
220073115,Runout Check - V6 Finishing,HON,22HON11411,2220,,,,SCRAP 2017
220073116,BUFFER CONVEYOR - UNI,HON,22HON11416,2220,UA5100,09/01/2013,,PLANT 2 2017
220073117,Runout Check - V6 Finishing,HON,22HON11411,2220,,,,SCRAP 2017
220073118,RE HSG 1 Instocker,HSG,22HSG11251,2210,,,,PLANT 1 2017
220073121,Instocker - Rack End 5,HSG,22HSG11203,2210,13-125D,,,PLANT 1 2017
220073125,VTR Instocker,STD,22STD11240,2210,,,,PLANT 1 2017
220073126,VTR Instocker,STD,22STD11220,2210,,,,PLANT 1 2017
220073127,VTR Instocker,STD,22STD11230,2210,14-012A,,,PLANT 1 2017
220073128,RR UP HSG 6 Transfer,HSG,22HSG11205,2210,,,,PLANT 1 2017
220073129,UNI Buffer Conveyor,HON,22HON11437,2220,UA6780B,,,PLANT 2 2017
220073130,VTR Instocker - Stud Line 16,STD,22STD11258,2210,,,,PLANT 1 2017
220073131,VTR Outstocker - Stud Line 16,STD,22STD11258,2210,,,,PLANT 1 2017
220073132,Tie Rod 7 Instocker,HSG,22HSG11283,2210,,,,PLANT 1 2017
220073133,Tie Rod 8 Instocker,HSG,22HSG11285,2210,,,,PLANT 1 2017
220073134,LBJ 6 Instocker Cat Paw,HSG,22HSG11288,2210,,,,PLANT 1 2017
220073135,Loader/Transfer Catspaw LBJ5,HSG,22HSG11287,2210,,,,PLANT 1 2017
220073136,Loader/Transfer Catspaw LBJ6,HSG,22HSG11288,2210,,,,PLANT 1 2017
220073322,FS LOADER,STD,22STD11244,2210,,09/01/2004,,SCRAP BEFORE SAP
220073372,MAP-C-109,,2200000000,2210,,,,SCRAP BEFORE SAP
220073373,MAP-C-109,CRD,22CRD11371,2210,,,,PLANT 1 2017
220073374,MAP-C-109,CRD,22CRD11372,2210,,,,PLANT 1 2017
220073375,MAP-C-109,CRD,22CRD11373,2210,,,,PLANT 1 2017
220073376,MAP-C-109,CRD,22CRD11374,2210,,,,PLANT 1 2017
220073377,MAP-C-109,CRD,22CRD11375,2210,,,,PLANT 1 2017
220073378,MAP-C-109,CRD,22CRD11376,2210,,,,PLANT 1 2017
220073451,INSTOCKER SJC TRE LINE,HSG,22HSG11250,2210,,,,PLANT 1 2017
220073452,Bowl Feeder - RR UP HSG 5,HSG,22HSG11204,2210,,,,PLANT 1 2017
220073572,Instocker - Tie Rod Housing,HSG,22HSG11298,2210,,,,SCRAP 2017
220073573,INSTOCKER,HSG,22HSG11270,2210,,,,PLANT 1 2017
220073574,Tie Rod 6 Instocker,HSG,22HSG11281,2210,,,,PLANT 1 2017
220073575,LBJ 5 Instocker Cats Paw,HSG,22HSG11287,2210,,,,PLANT 1 2017
220073577,UNI Cam grinder Loader,FRD,22FRD11425,2220,U2880,,,PLANT 2 2017
220073578,UNI FINISHING Loader,FRD,22FRD11425,2220,UA2910,,,PLANT 2 2017
220073579,FINISHING OUTSTOCKER,GMC,22GMC11415,2220,UA2930,,,WAREHOUSE 2017
220073580,STOCKER & LOADER,HON,22HON11411,2220,UA1980,,,PLANT 2 2017
220073581,IN/OUT STOCKER AND LOADER,DCX,22DCX11403,2220,UA3990,,,WAREHOUSE 2017
220073582,UNI Buffer Conveyor,HON,22HON11418,2220,UA7490B,,,PLANT 2 2017
220075003,Tote Washer,,22ALM11611,2210,44290,08/01/2000,,PLANT 1 2017
220075004,SNB-50Y,FOR,22FOR11303,2210,A-328143(DWG#E3SNB-31640),05/01/2001,,PLANT 1 2017
220075005,SNE15-4,HDR,22HDR11305,2210,A-325293(DWG#EA3-35816),05/01/2001,,PLANT 1 2017
220075006,FXIII-55PB,FOR,22FOR11300,2210,DW#06473,05/01/2001,,PLANT 1 2017
220075007,MANU SHOT,FOR,22FOR11300,2210,,06/01/2001,,PLANT 1 2017
220075008,BILLET HEATER,FOR,22FOR11300,2210,BH-2-500(102-52055/102-52056),05/01/2001,,PLANT 1 2017
220075009,MP04,HON,22HON11412,2220,1017313,12/01/2004,,SCRAP BEFORE SAP
220075010,MP04,HON,22HON11412,2220,1017314,12/01/2004,,SCRAP BEFORE SAP
220075011,MP04,HON,22HON11411,2220,1017315,12/01/2004,,SCRAP BEFORE SAP
220075012,MP04,HON,22HON11412,2220,1017316,12/01/2004,,SCRAP BEFORE SAP
220075013,MP04,HON,22HON11413,2220,1017332,12/01/2004,,SCRAP BEFORE SAP
220075014,MP04,HON,22HON11411,2220,1017333,12/01/2004,,SCRAP BEFORE SAP
220075015,MP04,HON,22HON11412,2220,1017334,12/01/2004,,SCRAP BEFORE SAP
220075016,MP04,HON,22HON11411,2220,1017335,12/01/2004,,SCRAP BEFORE SAP
220075018,Ball Joint Test Machine,,,2210,,,,WATERLOO 2017
220075021,Auto Tester / Transfer,HSG,22HSG11298,2210,,,,PLANT 1 2017
220075025,Auto Tester,HSG,22HSG11294,2210,,,,PLANT 1 2017
220075026,IBT SPIN BLAST MACHINE,HDR,22HDR11600,2210,1363,10/01/2012,,PLANT 1 2017
220075027,MONARCH AUTO TESTER,STD,22STD11256,2210,,10/01/2012,,PLANT 1 2017
220075028,IBT SHOT BLAST,F24,22F2411309,2210,,,,SCRAP 2016
220075029,Auto Tester / Transfer - Tie Rod HSG 4,HSG,22HSG11276,2210,,,,SCRAP 2016
220075030,Threadroller / Loader / Auto Tester,STD,22STD11258,2210,,,,PLANT 1 2017
220075031,Burnisher / Loader - Stud Line 16,STD,22STD11258,2210,,,,PLANT 1 2017
220075101,Elastic Lift Test Machine,,,2210,,,,WATERLOO 2017
220075102,Ball Joint Seat Abrasion Test Machine,,,2210,,,,WATERLOO 2017
220075103,Impact Test Machine,,,2210,,,,WATERLOO 2017
220075143,Vibration Test Machine,,,2210,,,,WATERLOO 2017
220075301,Final Inspection - Stud line 2,STD,22STD11220,2210,,,,PLANT 1 2017
220075302,MSI-127,STD,22STD11230,2210,0247S0674,12/01/1999,,PLANT 1 2017
220075303,STDCHKER,STD,22STD11240,2210,,11/01/2000,,PLANT 1 2017
220075309,UNICHECKER,HSG,22HSG11210,2210,M204,11/01/2000,,SCRAP BEFORE SAP
220075310,UNICHECKER,HSG,22HSG11211,2210,M204,11/01/2000,,SCRAP BEFORE SAP
220075311,LINECHECKE,CRD,22CRD11371,2210,M204,11/01/2000,,PLANT 1 2017
220075313,STDCHKER,STD,22STD11230,2210,,,,PLANT 1 2017
220075314,STDCHKER,STD,22STD11220,2210,M203,11/01/2000,,PLANT 1 2017
220075315,STDCHKER,STD,22STD11240,2210,M203,11/01/2000,,PLANT 1 2017
220075316,CLP CHECKER,CLP,22CLP11316,2210,2510,05/01/2001,,PLANT 1 2017
220075317,CLP CHECKER,CLP,22CLP11315,2210,2511,05/01/2001,,PLANT 1 2017
220075318,CLP CHECKER,CLP,22CLP11314,2210,2512,,,SCRAP BEFORE SAP
220075320,CLP CHECKER,,2200000000,2210,2514,05/01/2001,,SCRAP BEFORE SAP
220075322,MSI-125,CLP,22CLP11316,2210,0909S1401A,05/01/2001,,PLANT 1 2017
220075323,MSI-125,CLP,22CLP11315,2210,0909S1401B,05/01/2001,,PLANT 1 2017
220075324,MSI-125,CLP,22CLP11314,2210,0909S1401C,05/01/2001,,SCRAP BEFORE SAP
220075326,MSI-125,,2200000000,2210,0909S1401E,05/01/2001,,SCRAP BEFORE SAP
220075328,MEASMACH,STD,22STD11280,2210,M353OUT,11/01/2001,,PLANT 1 2017
220075329,CLP CHECKER,CLP,22CLP11317,2210,2584,03/01/2002,,PLANT 1 2017
220075330,CLP CHECKER,CLP,22CLP11318,2210,2583,03/01/2002,,PLANT 1 2017
220075331,MSI-125,CLP,22CLP11317,2210,0909S1556B,03/01/2002,,PLANT 1 2017
220075332,MSI-125,CLP,22CLP11318,2210,0909S1556A,03/01/2002,,PLANT 1 2017
220075333,UNICHECKER,HSG,22HSG11293,2210,M380B,04/01/2002,,PLANT 1 2017
220075334,UNICHECKER,HSG,22HSG11292,2210,M380D,07/01/2002,,PLANT 1 2017
220075335,UNICHECKER,HSG,22HSG11291,2210,M380E,07/01/2002,,PLANT 1 2017
220075336,CLP CHECKER,CLP,22CLP11321,2210,2705,07/01/2003,,PLANT 1 2017
220075337,CLP CHECKER,CLP,22CLP11322,2210,2704,07/01/2003,,SCRAP BEFORE SAP
220075338,MSI-125,CLP,22CLP11321,2210,1199S1791A,07/01/2003,,PLANT 1 2017
220075339,MSI-125,CLP,22CLP11322,2210,1199S1791B,08/01/2003,,SCRAP BEFORE SAP
220075340,STDCHKER,STD,22STD11241,2210,M671B,03/01/2004,,PLANT 1 2017
220075341,MSI-127,STD,22STD11241,2210,M671C,03/01/2004,,PLANT 1 2017
220075342,STDCHKER,STD,22STD11253,2210,,07/01/2004,,PLANT 1 2017
220075345,JOURNAL INSPECTION,GMC,22GMC11415,2220,L24-31-1,11/01/2004,,WAREHOUSE 2017
220075346,JOURNAL INSPECTION,FRD,22FRD11425,2220,L24-31-2,11/01/2004,,PLANT 2 2017
220075350,MAP-MI-101 PIN HOLE VISION SYSTEM,,2200000000,2210,,04/01/2005,,UNDER REVIEW - TBD
220075351,MAP-C-102 AUTO TESTER,DCX,22DCX11403,2220,L25-20,02/01/2006,,PLANT 2 2017
220075352,NIPPON CHECKER,DCX,22DCX11403,2220,M900B,02/01/2006,,PLANT 2 2017
220075353,MAP-C-102 AUTO TESTER,DCX,22DCX11403,2220,L25-19,02/01/2006,,PLANT 2 2017
220075354,MAP-C-108,STD,22STD11290,2210,,06/01/2006,,UNDER REVIEW - TBD
220075355,NIPPON CHECKER,DCX,22DCX11403,2220,M900H,09/01/2006,,WAREHOUSE 2017
220075357,MEASURING MACHINE,HYC,22DCX11404,2220,UA1100,,,PLANT 2 2017
220075358,OILHOLE INSPECTION,HYC,22DCX11404,2220,UA1120,,,PLANT 2 2017
220075359,MAP-C-102 AUTO TESTER,HYC,22DCX11404,2220,L28-03,,,PLANT 2 2017
220075440,BUFFER AND INSPSECTION MACHINE UNI,HON,22HON11416,2220,UA4900,09/01/2013,,PLANT 2 2017
220075441,ENOMOTO LATHING CHECKER,FRD,22FRD11429,2220,S2727-1L,08/01/2013,,PLANT 2 2017
220075442,UNI OIL HOLE INSPECTION MACHINE,FRD,22FRD11429,2220,UA4700,08/01/2013,,PLANT 2 2017
220075443,JAPAN GAUGE JGC AUTO TESTER,FRD,22FRD11429,2220,L33-10,08/01/2013,,PLANT 2 2017
220075444,OIL HOIL INSPECTION MACHINE UNI,HON,22HON11416,2220,UA4910,09/01/2013,,PLANT 2 2017
220075445,JGC INSPECTION MACHINE UNIT,HON,22HON11416,2220,L33-18,09/01/2013,,PLANT 2 2017
220075446,LATHING CHECKER ENOMOTO,FRD,22FRD11423,2220,,,,PLANT 2 2017
220075447,UNI VTC CHECKER,FRD,22FRD11423,2220,UA5170,,,PLANT 2 2017
220075448,JGC INSPECTION M/C,FRD,22FRD11423,2220,L33-11-2,,,PLANT 2 2017
220075449,MSI-120,HSG,22HSG11291,2210,1570S2218A,,,SCRAP 2017
220075450,MAP-C-102,HSG,22HSG11296,2210,,,,PLANT 1 2017
220075451,MAP-C-102,HSG,22HSG11295,2210,,,,PLANT 1 2017
220075452,MSI-127,STD,22STD11244,2210,0566-S992,09/01/2004,,SCRAP BEFORE SAP
220075454,ENOMOTO LATHING CHECKER,FRD,22FRD11424,2220,,,,PLANT 2 2017
220075455,UNI VTC CHECKER,FRD,22FRD11424,2220,UA5160,,,PLANT 2 2017
220075456,JGC INSPECTION M/C,FRD,22FRD11424,2220,L33-11-1,,,PLANT 2 2017
220075457,Autotester - LBJ HSG 3,HSG,22HSG11277,2210,,,,PLANT 1 2017
220075458,LBJ 4 Auto Tester,HSG,22HSG11278,2210,,,,PLANT 1 2017
220075459,UNI Lathing Auto Tester,HON,22HON11437,2220,UA6770,,,PLANT 2 2017
220075460,UNI Milling Auto Tester,HON,22HON11437,2220,UA6780A,,,PLANT 2 2017
220075461,JGC Auto Tester,HON,22HON11437,2220,L35-18,,,PLANT 2 2017
220075462,UNI Buffer and Lathing Auto Tester,HON,22HON11418,2220,UA7480,,,PLANT 2 2017
220075463,UNI Milling Auto Tester,HON,22HON11418,2220,UA7490A,,,PLANT 2 2017
220075464,JGC Auto Tester,HON,22HON11418,2220,L36-23,,,PLANT 2 2017
220075500,JGC Auto Tester,HON,22HON11411,2220,L35-19,,,PLANT 2 2017
220075501,Uni Buffer and Lathing Auto Tester,FRD,22FRD11425,2220,UA7390,,,PLANT 2 2017
220075502,AP4 Porosity Inspection Station,HON,22HON11416,2220,75502,,,PLANT 2 2017
220075503,Stud Hole Checker - Portable,STD,,2210,,,,
220076001,AUTO ASSEM,ASY,22ASY11120,2210,C003,01/01/1998,,SCRAP BEFORE SAP
220076003,MSI-129,ASY,22ASY11160,2210,0556S0985A,05/01/1998,,PLANT 1 2017
220076004,Caulking Station,ASY,22ASY11160,2210,,,,PLANT 1 2017
220076005,MSI-102,ASY,22ASY11160,2210,0560S0987A,05/01/1998,,PLANT 1 2017
220076006,MSI-112,ASY,22ASY11160,2210,0562S0998A,05/01/1998,,PLANT 1 2017
220076007,MSI-105,ASY,22ASY11160,2210,0739S1160A,,,WAREHOUSE 2017
220076010,MSI-121,ASY,22ASY11170,2210,0153S0495-E-003,07/01/1998,,PLANT 1 2017
220076011,AUTO ASSEM,ASY,22ASY11130,2210,,06/01/1999,,SCRAP BEFORE SAP
220076012,SANYO REAR UPPER ARM COMP OP1,ASY,22ASY11350,2210,CB301-10,06/01/1999,,PLANT 1 2017
220076013,SANYO REAR UPPER ARM COMP OP2,ASY,22ASY11350,2210,CB301-10,06/01/1999,,PLANT 1 2017
220076017,T2A LBJ Assembly,ASY,22ASY11115,2210,13 ACCORD LBJ STARTUP,,,PLANT 1 2017
220076018,TIEROD END,ASY,22ASY11260,2210,S1298A,06/01/2000,,UNDER REVIEW - TBD
220076019,STD SEAT P,ASY,22ASY11350,2210,1352A,06/01/2002,,PLANT 1 2017
220076020,AUTO ASSEM,ASY,22ASY11110,2210,C001,01/01/1998,,PLANT 1 2017
220076022,AUTO ASSEM,ASY,22ASY11260,2210,C002,01/01/1998,,UNDER REVIEW - TBD
220076023,MSI-123,ASY,22ASY11170,2210,1027S1570A,07/01/2002,,PLANT 1 2017
220076024,MSI-130,ASY,22ASY11160,2210,1206S1813A,11/01/2003,,WAREHOUSE 2017
220076025,MAP-C-101,ASY,22ASY11140,2210,76025-04C,03/01/2004,,PLANT 1 2017
220076026,SENSOR AND PIN ASSY,GMC,22GMC11415,2220,M733C,11/01/2004,,WAREHOUSE 2017
220076028,MAP-C-105,ASY,22ASY11110,2210,,05/01/2006,,UNDER REVIEW - TBD
220076029,PIN & PLUG FITTING PRESS,DCX,22DCX11403,2220,M900E,02/01/2006,,PLANT 2 2017
220076030,CA NUT,ASY,22ASY11380,2210,55001-NT-CP,06/01/2006,,PLANT 1 2017
220076031,RUACOMPOP1,ASY,22ASY11390,2210,UA0090,04/01/2007,,PLANT 1 2017
220076032,RUACOMPOP2,ASY,22ASY11390,2210,UA0110,04/01/2007,,PLANT 1 2017
220076033,ALM ARM COMP MACHINE OP1,ASY,22ASY11380,2210,UA0440,,,PLANT 1 2017
220076034,ALM ARM COMP MACHINE OP2,ASY,22ASY11380,2210,UA0450,,,PLANT 1 2017
220076035,PIN FITTING PRESS,HYC,22DCX11404,2220,UA1140,,,PLANT 2 2017
220076036,PLUG FITTING PRESS,HYC,22DCX11404,2220,UA1150,,,PLANT 2 2017
220076037,PLUG PRESS,HON,22HON11411,2220,AL-43A,,,SCRAP 2017
220076038,PLUG PRESS,HON,22HON11411,2220,AL-43B,,,SCRAP 2017
220076039,SENSOR RING PRESS,HON,22HON11413,2220,UA2000,,,WAREHOUSE 2017
220076040,TRO LBJ OP2,ASY,22ASY11141,2210,,,,PLANT 1 2017
220076042,T-Line Index Op 1,ASY,22ASY11140,2210,,01/01/2004,,PLANT 1 2017
220076043,TRO LBJ OP1,ASY,22ASY11141,2210,,,,PLANT 1 2017
220076044,A-Line OP2,ASY,22ASY11390,2210,,,,PLANT 1 2017
220076045,MAPC,ASY,22ASY11145,2210,T-LINE CIVIC 20MM BOOT STN,,,PLANT 1 2017
220076046,Tie Rod ASY Line 1,ASY,22ASY11135,2210,,,,PLANT 1 2017
220076047,LBJ ASY Line 2,ASY,22ASY11125,2210,13 ACCORD LBJ STARTUP,,,PLANT 1 2017
220076048,LBJ ASY Line 3,ASY,22ASY11165,2210,13 ACCORD LBJ STARTUP,,,PLANT 1 2017
220076049,PIN PRESS,HON,22HON11413,2220,UA4470,,,WAREHOUSE 2017
220076050,MSI SENSOR & PUMP PRESS MACHINE,FRD,22FRD11429,2220,1924S2696A,08/01/2013,,PLANT 2 2017
220076051,UNI SEAL RING ASSEMBLY MACHINE,FRD,22FRD11429,2220,UA4720,08/01/2013,,PLANT 2 2017
220076052,UNI PACKING MACHINE,FRD,22FRD11429,2220,UA4730,08/01/2013,,PLANT 2 2017
220076053,UNI PRESS FIT MACHINE,HON,22HON11416,2220,UA4950,09/01/2013,,PLANT 2 2017
220076054,16 CIVIC LOWER BALL JOINT MACHINE,ASY,22ASY11110,2210,,,,PLANT 1 2017
220076055,MSI PRESS MACHINE,FRD,22FRD11423,2220,1933S2728B,,,PLANT 2 2017
220076056,MSI PRESS MACHINE,FRD,22FRD11424,2220,1933S2728A,,,PLANT 2 2017
220076057,UNI SEAL RING ASSEMBLY,FRD,22FRD11424,2220,UA5210,,,PLANT 2 2017
220076058,UNI PACKAGING MACHINE,FRD,22FRD11424,2220,UA5220,,,PLANT 2 2017
220076062,TRE ASSEMBLY # 3 16 CIVIC,ASY,22ASY11146,2210,,,,PLANT 1 2017
220076065,T2A RU BALL JOINT ASSEMBLY,ASY,22ASY11395,2210,,,,PLANT 1 2017
220076066,Seat & Stud - S Line,ASY,22ASY11380,2210,,,,PLANT 1 2017
220076067,Caulking - S Line,ASY,22ASY11380,2210,,,,PLANT 1 2017
220076068,SZA Boot Press - S Line,ASY,22ASY11380,2210,,,,PLANT 1 2017
220076069,Plug Stamp - S Line,ASY,22ASY11380,2210,,,,PLANT 1 2017
220076070,TZ5 Bushing - S Line,ASY,22ASY11380,2210,,,,PLANT 1 2017
220076071,17 CRV Lower Balljoint,ASY,22ASY11127,2210,,,,PLANT 1 2017
220076072,UNI Pin and Plug Press Machine,HON,22HON11437,2220,UA6810,,,PLANT 2 2017
220076073,TRE ASSY LINE 5,ASY,22ASY11147,2210,,,,PLANT 1 2017
220076074,Laser Marking Machine,FRD,22FRD11429,2220,UA4730A,,,PLANT 2 2017
220076075,Laser Marking Machine,FRD,22FRD11424,2220,UA5230A,,,PLANT 2 2017
220076076,Circlip Station - S Line,ASY,22ASY11380,2210,,,,PLANT 1 2017
220076077,Tie Rod Assy Line 4,ASY,22ASY11148,2210,,,,PLANT 1 2017
220076078,Camshaft Assembly Machine,,22CAM00000,2220,,,,WATERLOO 2017
220076079,UNI Plug Press Machine,HON,22HON11411,2220,UA6960,,,PLANT 2 2017
220076080,Camshaft Prototype Assembly Cell,,,2220,,,,WATERLOO 2017
220076081,Seat & Stud Press Cell,,,2210,,,,SCRAP BEFORE SAP
220076082,Caulking Cell,,,2210,,,,SCRAP BEFORE SAP
220076083,Boot Assembly Cell,,,2210,,,,SCRAP BEFORE SAP
220076084,UNI Sensor Ring Press Fit M/C,FRD,22FRD11425,2220,UA7400,,,PLANT 2 2017
220076085,RDX TJB RR Control Arm,ASY,,2210,,,,WATERLOO 2017
220076086,RDX TJB Front Lower Cell 1,ASY,,2210,,,,WATERLOO 2017
220076087,Unused -  Rename When Needed,,,,,,,N/A
220076088,17 CRV TRE BJ Assy,ASY,,2210,,,,WATERLOO 2017
220076089,UNI Seal Ring Assembly M/C,FRD,22FRD11425,2220,UA7410,,,PLANT 2 2017
220076090,UNI Pin and Plug Press,HON,22HON11418,2220,UA7520,,,PLANT 2 2017
220076091,LBJ ASSY Line 6,ASY,,2210,,,,PLANT 1 2017
220076092,19 RDX Assembly Machine,ASY,,2210,,,,WATERLOO 2017
220079002,Amada Saw,FOR,22FOR11300,2210,1060,,,PLANT 1 2017
220079102,MSI-115,CLP,22CLP11316,2210,0911S1400A,05/01/2001,,PLANT 1 2017
220079103,MSI-115,CLP,22CLP11315,2210,0911S1400B,05/01/2001,,PLANT 1 2017
220079104,MSI-115,CLP,22CLP11314,2210,0911S1400C,05/01/2001,,SCRAP BEFORE SAP
220079106,MSI-115,,2200000000,2210,0911S1400E,05/01/2001,,SCRAP BEFORE SAP
220079107,MSI-115,,2200000000,2210,0911S1400F,05/01/2001,,SCRAP BEFORE SAP
220079108,MSI-115,CLP,22CLP11317,2210,0911S1555B,03/01/2002,,PLANT 1 2017
220079109,MSI-115,CLP,22CLP11318,2210,0911S1555A,03/01/2002,,PLANT 1 2017
220079111,MSI-115,CLP,22CLP11321,2210,1198S1790A,07/01/2003,,PLANT 1 2017
220079112,MSI-115,CLP,22CLP11322,2210,1198S1790B,08/01/2003,,SCRAP BEFORE SAP
220079113,DEBURRMAC,HON,22HON11411,2220,M731F,11/01/2004,,SCRAP BEFORE SAP
220079114,CAM BUFFING MACHINE,FRD,22FRD11425,2220,M733B(UA2770),11/01/2004,,PLANT 2 2017
220079115,CAMSHAFT WASHER,HON,22HON11413,2220,046950,11/01/2004,,WAREHOUSE 2017
220079118,DEBURRING MACHINE,DCX,22DCX11403,2220,M900D,02/01/2006,,PLANT 2 2017
220079119,WASHER,DCX,22DCX11403,2220,6030,02/01/2006,,PLANT 2 2017
220079120,DEBURRING & WASHING MACHINE,HYC,22DCX11404,2220,UA1110,,,PLANT 2 2017
220079121,DEBURRING MACHINE,HYC,22DCX11404,2220,UA1170,,,PLANT 2 2017
220079122,WASHING MACHINE,HYC,22DCX11404,2220,08-6249,,,PLANT 2 2017
220079123,MSI-101 DEBURRING,HON,22HON11411,2220,0982S1508B,,,SCRAP BEFORE SAP
220079124,WASHER,HON,22HON11411,2220,4L42,,,SCRAP 2017
220079125,DEBURRING,HON,22HON11411,2220,0982S1508A,,,SCRAP BEFORE SAP
220079126,WASHER,HON,22HON11411,2220,,,,SCRAP 2017
220079127,DEBURRING,HON,22HON11413,2220,UA1960,,,SCRAP BEFORE SAP
220079128,UNI WASHING MACHINE,FRD,22FRD11429,2220,UA4710,08/01/2013,,PLANT 2 2017
220079129,ENOMOTO DE-BURRING MACHINE,FRD,22FRD11429,2220,59999271,08/01/2013,,PLANT 2 2017
220079130,DE-BURRING MACHIN UNI,HON,22HON11416,2220,UA4920,09/01/2013,,PLANT 2 2017
220079131,WASHING MACHINE UNI,HON,22HON11416,2220,UA4940,09/01/2013,,PLANT 2 2017
220079132,ENOMOTO DE-BURRING MACHINE,FRD,22FRD11424,2220,S2729,,,PLANT 2 2017
220079133,UNI WASHING MACHINE,FRD,22FRD11424,2220,UA5200,,,PLANT 2 2017
220079134,UNI De-Burring Machine,HON,22HON11437,2220,UA6790,,,PLANT 2 2017
220079135,UNI Washing Machine,HON,22HON11437,2220,UA6800,,,PLANT 2 2017
220079136,UNI De-Burring Machine,HON,22HON11411,2220,UA6940,,,PLANT 2 2017
220079137,UNI Washing / De-burr Machine,HON,22HON11411,2220,UA6950,,,PLANT 2 2017
220079169,HEAT TREAT,HTR,22HTR11301,2210,,,,PLANT 1 2017
220079223,WASHER,HON,22HON11413,2220,UA2210,,,SCRAP 2017
220079228,CNC BURNIS,STD,22STD11244,2210,FM 991-601,09/01/2004,,SCRAP BEFORE SAP
220079229,CNC BURNIS,STD,22STD11244,2210,FM 991-602,09/01/2004,,SCRAP BEFORE SAP
220079232,HOKOKUWASH,STD,22STD11244,2210,99-6536,09/01/2004,,SCRAP BEFORE SAP
220079233,DUNNAGE WASHER,,2200000000,2210,,,,PLANT 2 2017
220079234,WASHER,FRD,22FRD11425,2220,UA2920,01/01/2011,,PLANT 2 2017
220079235,UNI CAM DEBUR MACHINE FINISHING,HON,22HON11411,2220,UA4670,,,WAREHOUSE 2017
220079236,UNI CAM DEBURR MACHINE FINISHING,HON,22HON11411,2220,UA4680,,,WAREHOUSE 2017
220079237,Kataoka Header Washer,HDR,22HDR11305,2210,15-6933,07/01/2016,,PLANT 1 2017
220079238,UNI De-Burring Machine,HON,22HON11418,2220,UA7500,,,PLANT 2 2017
220079239,UNI Washing Machine,HON,22HON11418,2220,UA7510,,,PLANT 2 2017
220081001,S-Line Robot,ASY,22ASY11380,2210,,,,PLANT 1 2017
220081002,ROBOT,ASY,22ASY11120,2210,,,,WAREHOUSE 2017
220081003,ROBOT,ASY,22ASY11350,2210,,,,PLANT 1 2017
220081004,MOTOMAN HP6-10 ROBOT,ASY,22ASY11140,2210,83550002,,,PLANT 1 2017
220081005,TOTAL SYSTEM TS FANUC ROBOT,FRD,22FRD11429,2220,J2000087003-00,08/01/2013,,PLANT 2 2017
220081006,TOTAL SYSTEM FANUC ROBOT,FRD,22FRD11429,2220,J2000087005-00,08/01/2013,,PLANT 2 2017
220081007,TOTAL SYSTEM FANUC ROBOT,FRD,22FRD11429,2220,J2100087003-00,08/01/2013,,PLANT 2 2017
220081008,TOTAL SYSTEM FANUC ROBOT,FRD,22FRD11429,2220,J2100087003-10,08/01/2013,,PLANT 2 2017
220081009,KONDOH ROBOT,HON,22HON11416,2220,R13501450,09/01/2013,,PLANT 2 2017
220081010,TOTAL SYSTEM FANUC ROBOT,FRD,22FRD11423,2220,J2100087009-00,,,PLANT 2 2017
220081011,TOTAL SYSTEM FANUC ROBOT,FRD,22FRD11423,2220,J2100087010-00,,,PLANT 2 2017
220081012,TOTAL SYSTEM FANUC ROBOT,FRD,22FRD11424,2220,J2100087005-00,,,PLANT 2 2017
220081013,TOTAL SYSTEM FANUC ROBOT,FRD,22FRD11424,2220,J2100087007-00,,,PLANT 2 2017
220081014,TOTAL SYSTEM FANUC ROBOT,FRD,22FRD11424,2220,J2100087008-00,,,PLANT 2 2017
220081015,TOTAL SYSTEM FANUC ROBOT,FRD,22FRD11424,2220,J2100087009-00,,,PLANT 2 2017
220081016,Fanuc AP2T Robot,HON,22HON11437,2220,E15130412,,,PLANT 2 2017
220081017,Fanuc AP2T-6A0 Robot,HON,22HON11418,2220,E16831204,,,PLANT 2 2017
220082001,KR102,CLP,22CLP11316,2210,CA0262,05/01/2001,,PLANT 1 2017
220082002,KR102,CLP,22CLP11316,2210,CA0263,05/01/2001,,PLANT 1 2017
220082003,KR102,CLP,22CLP11316,2210,CA0264,05/01/2001,,PLANT 1 2017
220082004,KR102,CLP,22CLP11315,2210,CA0265,05/01/2001,,PLANT 1 2017
220082005,KR102,CLP,22CLP11315,2210,CA0266,05/01/2001,,PLANT 1 2017
220082006,KR102,CLP,22CLP11314,2210,CA0273,05/01/2001,,WAREHOUSE 2017
220082007,KR102,CLP,22CLP11314,2210,CA0274,05/01/2001,,WAREHOUSE 2017
220082008,KR102,HSG,22HSG11272,2210,CA0271,05/01/2001,,PLANT 1 2017
220082009,KR102,,2200000000,2210,CA0272,05/01/2001,,SCRAP BEFORE SAP
220082010,LBJ 5 KR102,HSG,22HSG11287,2210,CA0267,05/01/2001,,WAREHOUSE 2017
220082011,KR102,,2200000000,2210,CA0268,05/01/2001,,SCRAP BEFORE SAP
220082012,KR102,HSG,22HSG11205,2210,CA0269,05/01/2001,,PLANT 1 2017
220082013,KR102,,2200000000,2210,CA0270,05/01/2001,,SCRAP BEFORE SAP
220082014,KR102,CLP,22CLP11317,2210,,03/01/2002,,PLANT 1 2017
220082015,KR102,CLP,22CLP11317,2210,,03/01/2002,,PLANT 1 2017
220082016,KR102,CLP,22CLP11317,2210,,03/01/2002,,PLANT 1 2017
220082017,KR102,CLP,22CLP11318,2210,,03/01/2002,,PLANT 1 2017
220082018,KR102,CLP,22CLP11318,2210,,03/01/2002,,PLANT 1 2017
220082019,KR102,CLP,22CLP11318,2210,,03/01/2002,,PLANT 1 2017
220082020,OKUMA LOADER,CLP,22CLP11317,2210,,03/01/2002,,PLANT 1 2017
220082021,OKUMA LOADER,CLP,22CLP11318,2210,,03/01/2002,,PLANT 1 2017
220082022,KR102,CLP,22CLP11315,2210,CA0330,03/01/2002,,PLANT 1 2017
220082027,KR102,CLP,22CLP11321,2210,CA0368,07/01/2003,,PLANT 1 2017
220082028,KR102,CLP,22CLP11321,2210,CA0369,07/01/2003,,PLANT 1 2017
220082029,KR102,CLP,22CLP11321,2210,CA0370,07/01/2003,,PLANT 1 2017
220082030,KR102,CLP,22CLP11322,2210,CA0371,07/01/2003,,SCRAP BEFORE SAP
220082031,KR102,CLP,22CLP11322,2210,CA0372,07/01/2003,,SCRAP BEFORE SAP
220082032,KR102,CLP,22CLP11322,2210,CA0373,07/01/2003,,SCRAP BEFORE SAP
220082033,KONDO LATHING LOADER,GMC,22GMC11415,2220,BF0569,11/01/2004,,SCRAP BEFORE SAP
220082034,KONDO TL L,HON,22HON11411,2220,BF0570,11/01/2004,,SCRAP BEFORE SAP
220082035,KONDO TL LOADER,HON,22HON11413,2220,BF0571,11/01/2004,,SCRAP BEFORE SAP
220082036,KONDO TL LOADER,STD,22STD11255,2210,BF0572,11/01/2004,,PLANT 1 2017
220082037,KONDO MILLING LOADER,GMC,22GMC11415,2220,BF0573,11/01/2004,,SCRAP BEFORE SAP
220082038,KONDO TL LOADER,HON,22HON11411,2220,BF0574,11/01/2004,,SCRAP BEFORE SAP
220082039,KONDO J.G. LOADER,GMC,22GMC11415,2220,BF0575,11/01/2004,,SCRAP BEFORE SAP
220082040,LN1-3 JOURNAL LOADER,,2200000000,2210,TA-1072(MGRC5487),04/01/2005,,SCRAP BEFORE SAP
220082044,KONDO LOADER,DCX,22DCX11403,2220,BF0656,02/01/2006,,PLANT 2 2017
220082045,KONDO LOADER,DCX,22DCX11403,2220,BF0657,02/01/2006,,PLANT 2 2017
220082046,KONDO LOADER,DCX,22DCX11403,2220,BF0658,02/01/2006,,PLANT 2 2017
220082047,KONDO LOADER,DCX,22DCX11403,2220,CA0499,02/01/2006,,PLANT 2 2017
220082051,LOADER,HYC,22DCX11404,2220,BF0838,,,PLANT 2 2017
220082052,KONDO LOADER,HYC,22DCX11404,2220,BF0839,,,PLANT 2 2017
220082053,KONDO LOADER,HYC,22DCX11404,2220,BF0840A,,,PLANT 2 2017
220082054,KONDO LOADER,HYC,22DCX11404,2220,BF0840B,,,PLANT 2 2017
220082055,LOADER,HON,22HON11411,2220,,,,SCRAP BEFORE SAP
220082056,LOADER,HON,22HON11411,2220,M4122,,,PLANT 2 2017
220082057,LOADER,HON,22HON11413,2220,M4121,,,SCRAP BEFORE SAP
220082058,LOADER,HON,22HON11413,2220,,,,SCRAP BEFORE SAP
220082059,Pump lobe Kondoh Loader,FRD,22FRD11429,2220,BF0958,,,PLANT 2 2017
220082060,LOADER,HON,22HON11413,2220,UA2210,,,SCRAP BEFORE SAP
220082061,Auto-Loader for 1200t Press,F12,22F1211304,2210,0114,,,PLANT 1 2017
220082062,KONDOH MILLING LOADER,FRD,22FRD11429,2220,62BF-1120,08/01/2013,,PLANT 2 2017
220082063,KONDOH LATHING LOADER,FRD,22FRD11429,2220,62BF-1121,08/01/2013,,PLANT 2 2017
220082064,KONDOH JOURNAL GRINDING LOADER,FRD,22FRD11429,2220,62BF-1122,08/01/2013,,PLANT 2 2017
220082065,KONDOH CAM GRINDING LOADER,FRD,22FRD11429,2220,62BF-1123,08/01/2013,,PLANT 2 2017
220082066,KONDOH MILLING LOADER,HON,22HON11416,2220,BF1135,09/01/2013,,PLANT 2 2017
220082067,KONDOH LATHING LOADER,HON,22HON11416,2220,BF1136,09/01/2013,,PLANT 2 2017
220082068,KONDOH MILLING LOADER,HON,22HON11416,2220,BF1137,09/01/2013,,PLANT 2 2017
220082069,KONDOH JOURNAL GRINDING LOADER,HON,22HON11416,2220,BF1138,09/01/2013,,PLANT 2 2017
220082070,KONDOH CAM GRINDING LOADER,HON,22HON11416,2220,BF1139,09/01/2013,,PLANT 2 2017
220082071,KONDOH MILLING LOADER,FRD,22FRD11423,2220,BF-1162,,,PLANT 2 2017
220082072,KONDOH MILLING LOADER,FRD,22FRD11423,2220,BF-1164,,,PLANT 2 2017
220082073,KONDOH JOURNAL GRINDING LOADER,FRD,22FRD11423,2220,BF-1160,,,PLANT 2 2017
220082074,KONDOH MILLING LOADER,FRD,22FRD11424,2220,BF-1161,,,PLANT 2 2017
220082075,KONDOH LATHING LOADER,FRD,22FRD11424,2220,BF-1163,,,PLANT 2 2017
220082076,KONDOH JOURNAL GRINDING LOADER,FRD,22FRD11424,2220,BF-1159,,,PLANT 2 2017
220082077,KONDOH CAM GRINDING LOADER,FRD,22FRD11424,2220,BF-1158,,,PLANT 2 2017
220082078,MAP-C Milling Loader,HON,22HON11437,2220,82078,,,PLANT 2 2017
220082079,MAP-C Lathing Loader,HON,22HON11437,2220,82079,,,PLANT 2 2017
220082080,Kondoh Gun-Drill loader,HON,22HON11437,2220,62-BF1283,,,PLANT 2 2017
220082081,Kondoh Milling Loader,HON,22HON11437,2220,62-BF1284,,,PLANT 2 2017
220082082,Kondoh Journal Grinding Loader,HON,22HON11437,2220,62-BF1285-1,,,PLANT 2 2017
220082083,Kondoh Cam Grinding Loader,HON,22HON11437,2220,62-BF1285-2,,,PLANT 2 2017
220082084,TRE 6 Mill Loader,HSG,22HSG11281,2210,,,,PLANT 1 2017
220082085,TRE 7 Mill Loader,HSG,22HSG11283,2210,,,,PLANT 1 2017
220082086,TRE 8 Mill Loader,HSG,22HSG11285,2210,,,,PLANT 1 2017
220082087,KONDOH MILLING LOADER,FRD,22FRD11425,2220,BF1333,,,PLANT 2 2017
220082088,Kondoh Lathing loader,FRD,22FRD11425,2220,BF1334,,,PLANT 2 2017
220082089,Kondoh Journal Grinding Loader,FRD,22FRD11425,2220,BF1335,,,PLANT 2 2017
220082090,Kondoh Milling Loader,HON,22HON11418,2220,BF1363,,,PLANT 2 2017
220082091,Kondoh Lathing Loader,HON,22HON11418,2220,BF1364,,,PLANT 2 2017
220082092,Kondoh Gun-Drill Loader,HON,22HON11418,2220,BF1365,,,PLANT 2 2017
220082093,Kondoh Milling Loader,HON,22HON11418,2220,BF1366,,,PLANT 2 2017
220082094,Kondoh Journal Grinding Loader,HON,22HON11418,2220,BF1367,,,PLANT 2 2017
220082095,Kondoh Cam Grinding Loader,HON,22HON11418,2220,BF1368,,,PLANT 2 2017
220082096,Kondoh Cam Grinding to Finishing Loader,HON,22HON11418,2220,BF1380,,,PLANT 2 2017
220082097,Loader - LBJ HSG 7 Mill,HSG,22HSG11288,2210,,,,
220084001,BACH OVEN,HDR,22HDR11501,2210,91344,06/01/2004,,PLANT 1 2017
220084002,NORMALIZING OVEN,F12,22F1211304,2210,23001-2,01/08/2010,,PLANT 1 2017
220084003,HEAT TREAT,HTR,22HTR11301,2210,,,,PLANT 1 2017
220084004,J016,HTR,22HTR11301,2210,HEAT TREAT,,,PLANT 1 2017
220084005,HEAT TREAT,HTR,22HTR11301,2210,,,,PLANT 1 2017
220084006,INDUCTION HEATER,F12,22F1211304,2210,,,,PLANT 1 2017
220084007,STATISCAN INDUCTOHEAT MACHINE,FRD,22FRD11424,2220,ME31450,,,PLANT 2 2017
220087001,GREASESYS,ASY,22ASY11380,2210,,02/01/2003,,PLANT 1 2017
220088012,ATLAS I10 COMPRESSOR #1,,2200000000,2210,AIF.087605,,,PLANT 2 2017
220088013,ATLAS I10 COMPRESSOR #2,,2200000000,2210,AIF.086046,,,PLANT 2 2017
220088014,SP-140-S-CHILLER UNIT,,2200000000,2210,8001001,,,PLANT 2 2017
220088015,CTS-120-6P-TANK COOLING TOWER,,2200000000,2210,8001004,,,PLANT 2 2017
220088016,Compressor - Heat Treat,HTR,22HTR00000,2210,5479842,,,PLANT 1 2017
220088017,Generator Plant 2,,,2220,,,,PLANT 2 2017
220088018,Generator Plant 1,,,2210,,,,PLANT 1 2017
220088023,GD Gardner Denver VS80-110A,,,2220,,,,PLANT 2 2017
220088024,GD Gardner Denver Electra Saver II,,,2220,,,,PLANT 2 2017
220088025,Nano NRC1220 Dryer,,,2220,,,,PLANT 2 2017
220088027,Reverse Osmosis Water Filter Machine,,,2220,,,,PLANT 2 2017
220088034,GD Gardner Denver VS80-110A,,,2220,,,,PLANT 2 2017
220088035,Plant2 Air Drier,,,2220,,,,PLANT 2 2017
220088036,Plant 1 Water Treatment,,,2210,2094.0617,,,
220091002,ADCOLE 1310,,2200000000,2210,7730,04/01/2005,,PLANT 2 2017
220091003,Elastic Lift Test Machine,QCA,,,,,,WATERLOO 2017
